Timestamp, Electrode 1, Electrode 2, Electrode 3, Electrode 4, Electrode 5, Electrode 6, Electrode 7, Electrode 8, Marker
0,0,2,4,7,-2,3,2,4,0
5,-1,-3,5,7,3,-2,-2,-3,0
10,0,4,-17,-30,-7,-1,-1,-1,0
15,-1,1,3,2,0,0,1,-1,0
20,1,-4,-1,1,-5,-1,1,1,0
25,1,-1,-1,3,2,-1,-2,-2,0
30,-1,4,16,11,3,-2,-2,-3,0
35,-2,-3,-5,20,6,3,1,-1,0
40,3,1,-9,-32,-12,-2,4,1,0
45,-3,4,2,-1,-2,-3,-4,-3,0
50,0,-8,-5,6,2,1,2,-1,0
55,-3,-1,2,-11,-6,0,-1,0,0
60,-2,-15,17,20,4,4,2,2,0
65,3,8,-5,-3,2,-1,-2,-1,0
70,-4,1,-5,-4,-2,-2,-5,-1,0
75,1,5,1,3,-1,-1,-2,0,0
80,-1,0,-6,6,-1,-1,3,0,0
85,-2,-1,3,-9,-5,-5,-2,-4,0
90,-2,-3,-5,-15,1,0,-3,-3,0
95,2,-7,-7,1,-3,-2,1,1,0
100,-1,3,-4,6,1,2,-2,-2,0
105,-1,-1,-7,10,6,2,0,1,0
110,0,-6,-19,2,1,0,0,0,0
115,1,-1,-3,-2,-1,1,-2,1,0
120,-3,1,-1,0,0,-2,-3,-4,0
125,0,-4,1,2,0,-1,1,-1,0
130,0,3,4,-3,-1,0,0,0,0
135,-4,-4,-2,6,-2,1,2,0,0
140,0,0,-5,-15,-3,-2,-6,-3,0
145,0,0,-5,-1,1,-1,-2,1,0
150,-1,9,2,-4,-2,-2,-2,-1,0
155,-4,-31,-8,1,1,0,1,-2,0
160,1,21,36,12,4,-2,0,-1,0
165,-7,3,-19,6,-1,0,-1,-2,0
170,1,4,14,-1,2,0,2,1,0
175,-4,-26,17,-1,-4,-4,1,-1,0
180,5,7,-26,-18,-1,-3,-4,0,0
185,-4,-27,-17,15,6,2,1,2,0
190,-2,-4,-9,-18,-10,-4,-1,-5,0
195,0,18,-3,-3,-2,-2,2,2,0
200,-4,-6,6,-5,3,1,-3,-2,0
205,1,-7,-2,3,0,0,1,-2,0
210,-2,1,4,7,3,0,0,1,0
215,2,0,-6,-5,-3,1,-1,-2,0
220,0,-8,-10,3,-2,-1,-2,-2,0
225,2,11,8,-12,-2,-1,-3,0,0
230,-3,-5,1,3,-2,0,-3,-1,0
235,1,14,1,-5,0,2,1,-1,0
240,-4,-1,1,7,4,-2,0,-1,0
245,3,4,6,-1,-5,-2,1,0,0
250,0,-4,-2,-3,2,-3,-1,-1,0
255,1,2,0,6,3,2,-2,0,0
260,-3,-4,-2,8,2,-2,0,0,0
265,-7,-2,-5,-9,-2,-2,-1,-5,0
270,4,-5,-2,-5,-3,-2,0,4,0
275,-8,11,-15,-9,-1,-1,-1,-4,0
280,7,-9,3,1,0,-2,-2,0,0
285,0,8,7,-8,-4,-1,-1,-5,0
290,1,0,-6,13,6,0,0,-1,0
295,-8,-15,-8,3,-6,-1,-2,-6,0
300,5,9,-4,-8,1,1,-1,5,0
305,1,-4,-1,9,3,-1,-1,0,0
310,-6,-1,-1,-1,1,2,-1,0,0
315,6,1,0,2,2,0,1,-1,0
320,-3,-4,0,7,0,0,0,-4,0
325,-1,0,5,-8,-3,-1,2,-1,0
330,3,3,3,-1,-2,1,-1,1,0
335,-1,1,-2,-2,-1,-3,0,1,0
340,-4,-2,0,-3,-1,-1,-1,-2,0
345,1,6,2,-1,0,0,-1,1,0
350,-1,-4,2,-1,-1,-1,-2,0,0
355,0,1,1,3,1,1,-3,0,0
360,1,1,-1,-1,-2,-1,2,-3,0
365,0,-1,-1,-4,-1,0,0,-5,0
370,6,1,2,9,-1,1,0,8,0
375,0,6,-6,-2,4,1,0,3,0
380,-2,2,14,-1,-1,-1,-2,0,0
385,-2,-4,-8,-2,-2,-2,0,2,0
390,-5,-7,-8,-17,0,-2,-1,-9,0
395,1,-7,-2,7,1,1,3,6,0
400,0,8,5,11,2,-1,1,0,0
405,1,-9,-4,2,1,1,0,2,0
410,-5,-5,7,3,-1,0,0,-7,0
415,2,8,0,-8,0,-1,2,-1,0
420,-5,1,-4,-5,0,2,-2,-3,0
425,-2,1,7,-3,-2,-1,0,-2,0
430,-3,1,-6,0,-1,-1,-1,-5,0
435,8,0,7,2,0,-1,-2,8,0
440,-1,-3,-8,-2,-3,1,0,-3,0
445,-1,4,3,-4,-1,0,-1,8,0
450,-5,0,2,4,2,1,-1,-1,0
455,-4,0,-4,-1,-4,-2,-2,-9,0
460,-4,-4,1,-3,1,-2,-1,-2,0
465,9,-4,-17,6,0,0,2,2,0
470,4,9,12,-8,-1,0,0,2,0
475,-5,-2,9,3,0,0,-1,-3,0
480,0,-7,-11,-5,-1,-1,0,0,0
485,-11,-1,10,-1,-3,1,-1,-9,0
490,4,-6,-13,12,4,0,-2,-2,0
495,1,17,13,-4,-5,-3,-3,2,0
500,5,-8,-13,-5,1,0,2,9,0
505,-4,8,9,-1,-1,-1,-4,-2,0
510,0,0,-4,-5,-5,0,0,17,0
515,-3,-1,14,11,-1,-1,-5,-12,0
520,1,-3,-7,3,0,0,0,3,0
525,0,3,2,-6,-2,0,-2,5,0
530,-5,-2,2,5,-1,-2,-3,-6,0
535,1,-5,-10,-5,1,0,1,3,0
540,-4,4,3,-3,-1,-1,2,-3,0
545,-1,0,-1,0,1,0,0,-2,0
550,-1,-2,-1,-3,-3,1,-1,-6,0
555,0,0,-5,-5,-2,-2,1,-1,0
560,-6,-4,1,0,4,-1,-2,-10,0
565,11,0,2,6,-3,7,7,6,0
570,-2,0,-4,-5,-2,-5,-6,8,0
575,1,-1,-1,-4,1,2,4,-9,0
580,1,-1,1,0,-9,-10,-7,4,0
585,-6,0,-1,-1,9,4,2,-11,0
590,1,3,3,0,-5,10,-2,-6,0
595,1,-5,-4,-3,2,3,9,9,0
600,-2,0,1,1,-3,-13,-3,2,0
605,11,0,0,-1,-2,-3,-1,7,0
610,-4,-3,-7,-6,-3,-2,3,-11,0
615,10,5,8,9,6,4,4,27,0
620,-6,-2,-2,2,-1,7,2,-10,0
625,-4,-1,-5,-15,-5,-10,-10,-2,0
630,3,7,9,4,1,4,7,3,0
635,-4,-8,-4,3,-1,-4,-6,-3,0
640,3,1,-8,-14,-7,0,2,-2,0
645,-1,-3,7,18,3,1,-1,3,0
650,-3,1,-9,-19,-5,-1,-2,-5,0
655,-4,-2,3,3,2,-1,-6,-7,0
660,5,2,-12,-2,2,3,0,11,0
665,-3,-3,11,8,0,-1,4,-5,0
670,1,2,47,32,3,-3,-2,-1,0
675,-6,1,-43,-39,-15,-9,-11,-7,0
680,1,-3,17,6,1,3,2,8,0
685,0,3,-12,-30,-8,-4,-3,-11,0
690,-3,-6,-8,19,6,-3,2,3,0
695,3,1,12,8,2,-4,-2,3,0
700,-3,-3,3,4,-1,3,0,-3,0
705,-1,-1,0,7,4,1,-1,3,0
710,-3,-2,-6,-7,-6,0,-2,-9,0
715,3,-1,1,7,8,4,2,-10,0
720,-1,1,8,8,0,-1,0,-4,0
725,2,1,-24,-19,-2,-2,-2,1,0
730,0,0,-2,-10,-1,-2,-1,-3,0
735,3,-5,-5,1,-1,-1,-3,3,0
740,0,1,9,-7,1,-1,-1,-5,0
745,-1,-2,14,32,3,1,1,4,0
750,-2,5,-16,-42,-6,1,0,-7,0
755,4,-3,7,16,2,-3,-4,-6,0
760,1,-1,-8,15,1,3,1,-2,0
765,0,-8,-10,-18,-3,-3,-2,-1,0
770,-2,-5,-1,8,4,0,1,2,0
775,2,4,7,-18,-6,-1,2,5,0
780,-4,-5,-3,5,2,-1,0,-2,0
785,-3,1,4,-4,-3,-2,-1,2,0
790,3,0,-5,6,0,-1,3,7,0
795,-5,-5,-2,-1,-1,-1,-2,-7,0
800,1,1,-4,-13,-1,-1,0,0,0
805,-2,2,2,7,0,2,-1,0,0
810,-1,-1,-4,-4,-2,-2,-2,4,0
815,-3,-3,1,2,1,-1,-4,-8,0
820,-5,-5,-9,-3,-3,1,-1,-3,0
825,-1,4,15,5,3,-1,3,1,0
830,-4,-5,-15,-6,1,-3,1,-2,0
835,-1,2,-3,-2,-2,-4,-5,-1,0
840,-5,-3,17,12,-1,0,27,3,0
845,-7,-5,-11,0,3,3,-36,-6,0
850,6,1,-9,-8,-2,2,23,3,0
855,-4,-1,11,12,1,-1,10,0,0
860,4,-3,-26,-23,-2,-6,-14,-3,0
865,-1,-3,10,18,1,0,-1,1,0
870,-5,-7,0,-4,-2,5,6,0,0
875,9,-3,-7,1,1,4,-2,-2,0
880,-2,-2,22,50,6,-2,5,-3,0
885,12,10,-38,-76,-9,-6,3,-1,0
890,1,-4,11,13,2,-4,-17,0,0
895,-2,1,0,2,1,-5,2,-2,0
900,1,7,9,-1,0,5,-12,-2,0
905,-1,-1,8,17,4,0,9,-1,0
910,0,-7,-9,-8,2,3,0,3,0
915,1,14,6,-4,-5,-6,0,-1,0
920,-2,-5,-5,-7,-1,0,-7,-5,0
925,3,5,9,12,-2,-3,9,-3,0
930,3,-1,-1,1,3,4,-10,3,0
935,-4,-6,-3,2,1,4,18,-1,0
940,-5,-4,-12,-16,-3,-4,-40,-5,0
945,5,7,42,24,0,2,34,1,0
950,6,10,-4,-2,-4,-3,-5,2,0
955,1,0,-4,-2,0,1,-3,0,0
960,3,7,9,10,1,1,12,0,0
965,-12,-9,-1,-20,-2,-1,-6,-6,0
970,2,-5,-3,19,4,-2,0,0,0
975,2,2,6,4,3,-4,1,3,0
980,-1,6,-18,-28,-11,8,-15,0,0
985,-1,-5,-3,19,5,1,-1,4,0
990,-8,0,3,-7,-4,1,-3,-7,0
995,-12,-4,-2,-7,-4,-1,2,-4,0
1000,-2,-1,-2,0,0,-5,1,6,0
1005,-1,-4,-8,-1,-1,0,-4,-3,0
1010,1,3,0,-6,-3,-2,5,-2,0
1015,-1,-1,-5,-3,3,-1,-9,3,0
1020,1,1,6,1,2,0,9,0,0
1025,-3,-2,-12,-6,-4,-1,-4,-2,0
1030,-5,-5,0,-6,-8,-10,-2,-3,0
1035,3,5,6,4,-1,0,-4,0,0
1040,0,-3,1,-2,2,2,1,-5,0
1045,1,-1,-4,0,1,-3,5,-1,0
1050,-1,0,5,11,3,-2,22,0,0
1055,0,-2,-1,-5,2,2,-34,2,0
1060,-6,-1,-6,-11,-6,4,24,-1,0
1065,-4,1,-5,-1,-6,-4,-15,1,0
1070,-1,-2,3,4,-2,-7,3,12,0
1075,-4,-4,-5,-4,1,45,34,-7,0
1080,5,5,3,1,4,-62,-52,-15,0
1085,1,-1,2,3,-2,7,11,7,0
1090,-3,-2,-2,-4,0,9,17,0,0
1095,-13,-5,-5,-7,-6,-3,-14,-15,0
1100,25,6,2,2,2,2,-16,27,0
1105,-7,-7,-4,-1,2,28,7,-7,0
1110,-8,1,3,4,-5,-46,-15,-10,0
1115,8,-2,-2,-3,0,14,-64,-3,0
1120,-1,-5,-1,-1,3,12,71,9,0
1125,-4,4,-4,-3,-2,5,13,-3,0
1130,7,-11,2,3,9,27,-34,1,0
1135,11,-3,0,1,-2,-26,30,18,0
1140,-4,21,4,2,0,-1,-15,-6,0
1145,-4,4,-2,-3,1,-5,-17,-10,0
1150,-7,-9,-2,0,-7,-2,19,2,0
1155,-7,7,2,0,1,-17,-23,-5,0
1160,9,3,-5,-5,-2,8,22,-19,0
1165,3,-35,0,3,1,-12,-21,8,0
1170,4,8,11,26,3,-4,-79,-24,0
1175,-8,16,-34,-60,-6,5,59,-2,0
1180,-1,-3,-1,-13,-4,5,7,-1,0
1185,-11,2,-1,2,1,-15,-14,-4,0
1190,6,-14,-2,2,2,19,50,18,0
1195,0,-15,17,39,4,-6,-17,1,0
1200,-11,-4,-53,-17,-7,-4,-24,5,0
1205,1,12,26,-49,-17,-10,15,-5,0
1210,0,-2,-5,1,6,4,-3,0,0
1215,-7,2,-24,-20,-12,-1,74,-7,0
1220,-2,-8,8,17,11,8,-31,28,0
1225,5,-4,-3,23,2,-6,12,-4,0
1230,2,8,2,-1,-1,0,-18,5,0
1235,3,-1,3,-1,3,13,42,3,0
1240,-3,-10,10,7,2,-8,-22,-13,0
1245,6,1,-3,3,0,5,-6,5,0
1250,-2,8,8,1,3,4,37,7,0
1255,5,-11,-16,59,16,-16,-39,11,0
1260,-17,-2,22,26,5,18,2,-15,0
1265,11,16,0,-69,-10,-2,15,-13,0
1270,-2,3,-1,15,3,11,55,-1,0
1275,5,0,-8,4,2,-20,-121,-2,0
1280,-7,-5,17,11,5,8,80,-5,0
1285,7,-15,-13,80,16,6,27,17,0
1290,-8,-3,-33,-95,-15,-7,-4,-15,0
1295,6,16,17,-18,-10,4,9,5,0
1300,0,-13,-31,-51,-7,-6,-13,-7,0
1305,-2,2,14,23,-2,-4,-15,-1,0
1310,4,-7,-21,1,-5,-4,-25,2,0
1315,-5,-4,26,21,8,-2,-1,-4,0
1320,0,2,-10,2,-6,10,6,6,0
1325,-5,1,-5,1,-1,-3,4,-8,0
1330,-2,-4,4,15,3,3,-7,3,0
1335,-5,-1,3,-17,-8,-1,10,-13,0
1340,7,1,12,8,1,1,1,10,0
1345,-12,-9,-1,-3,5,-4,-36,-28,0
1350,8,8,16,16,-2,-2,13,5,0
1355,-8,-3,4,-1,2,-12,-44,-2,0
1360,-15,-18,-9,-2,-3,5,30,-9,0
1365,2,10,-26,-58,-13,-2,6,5,0
1370,2,-1,12,27,6,1,-11,-2,0
1375,2,22,10,-11,-2,-1,16,4,0
1380,0,-3,14,23,-1,-3,2,-1,0
1385,-15,-18,-15,13,7,0,-5,10,0
1390,2,13,11,27,1,0,2,11,0
1395,-2,-6,11,-7,1,5,28,1,0
1400,5,2,-9,-18,-7,-7,-19,-4,0
1405,5,5,17,-7,-2,1,1,3,0
1410,-7,-12,-9,-7,1,-1,-2,0,0
1415,5,-6,12,24,4,1,12,-3,0
1420,4,-2,-17,-4,-2,-4,-12,1,0
1425,5,1,3,6,1,0,-1,3,0
1430,-4,-1,5,14,-1,-1,2,-3,0
1435,-17,-11,-6,-24,-5,-4,-2,-3,0
1440,-6,2,1,1,0,-3,-4,-7,0
1445,-5,3,4,6,0,-1,2,-2,0
1450,0,-5,-1,-3,0,-2,-5,-8,0
1455,11,2,-10,-5,-3,-1,4,7,0
1460,1,1,5,11,2,-1,-6,6,0
1465,-2,7,8,3,0,1,-2,-5,0
1470,1,2,-9,-2,2,1,-4,1,0
1475,-4,-2,-8,-4,-1,-3,-1,-4,0
1480,1,3,8,2,-1,1,4,2,0
1485,6,-2,1,10,4,-1,-2,-1,0
1490,1,-1,4,-12,-5,0,2,12,0
1495,2,-1,1,2,-2,-4,-5,-7,0
1500,2,2,3,3,-1,6,-3,0,0
1505,1,2,-3,1,1,-5,1,0,0
1510,-2,2,0,-11,-5,-2,-4,-5,0
1515,-2,-2,-2,3,6,0,8,0,0
1520,2,0,1,-6,-7,-2,17,2,0
1525,3,2,-4,-2,1,-7,-27,1,0
1530,-11,-1,-4,-12,2,23,4,-37,0
1535,5,2,8,15,11,5,14,-19,0
1540,-2,0,0,-8,-15,-50,-19,30,0
1545,14,5,-2,0,0,13,55,24,0
1550,-8,-5,-2,-3,-4,-9,-27,-18,0
1555,15,9,2,-2,-10,24,9,-40,0
1560,-2,3,4,-1,12,44,-56,-41,0
1565,-4,3,10,16,-2,-73,9,44,0
1570,17,11,-4,-21,-31,-66,-63,23,0
1575,-16,-6,-6,-2,8,97,60,-21,0
1580,13,2,4,0,-7,2,29,5,0
1585,-1,-4,-8,-4,11,15,-28,21,0
1590,-19,-2,4,7,7,33,30,-45,0
1595,12,-2,-5,-7,-13,-58,-34,27,0
1600,-5,-10,-4,-3,7,43,2,-3,0
1605,-6,-6,-4,-2,-2,-12,9,-13,0
1610,11,-1,3,2,3,-21,-8,24,0
1615,-6,-5,-3,-4,-1,-9,-11,10,0
1620,-3,3,5,2,-1,13,28,7,0
1625,4,-1,-2,0,0,12,-23,-28,0
1630,-9,-3,-3,2,-3,-9,1,12,0
1635,-4,-3,-5,-2,2,0,0,4,0
1640,-3,-2,0,0,0,-20,1,8,0
1645,0,-5,-3,-2,-6,3,-8,-19,0
1650,2,-4,-11,4,6,27,30,0,0
1655,2,-5,18,28,7,-6,0,17,0
1660,-9,-4,-4,-14,0,-21,-16,-10,0
1665,2,14,12,-2,-5,15,5,-6,0
1670,-1,-5,-4,-1,3,12,8,2,0
1675,-9,-4,-1,-3,0,-15,-15,2,0
1680,3,-14,-4,17,5,-9,-1,3,0
1685,0,6,-9,-4,1,16,7,-8,0
1690,2,16,15,-8,-1,-1,6,4,0
1695,-1,-10,-6,4,-3,-14,-12,-2,0
1700,2,-4,0,-4,-2,2,8,-3,0
1705,-9,-15,-18,-2,-3,4,1,1,0
1710,3,0,13,3,2,-3,-2,1,0
1715,-1,-15,-20,-11,-1,-1,-1,-4,0
1720,-1,14,4,-1,-3,1,-1,-2,0
1725,-3,-12,-4,-3,0,2,-9,-7,0
1730,4,7,12,7,3,4,5,0,0
1735,23,-6,-10,-12,-7,0,-1,-1,0
1740,0,18,22,-4,-4,-3,-1,-2,0
1745,-1,-34,-15,2,1,0,-1,-7,0
1750,8,104,60,14,2,5,6,-6,0
1755,-12,-95,-82,-6,8,-1,-1,7,0
1760,2,70,36,-12,-7,-3,-8,-2,0
1765,-8,-41,0,16,12,3,-1,-2,0
1770,-7,-16,-46,-38,-17,0,0,-1,0
1775,-4,38,-17,45,7,0,1,4,0
1780,3,-23,24,-32,2,-3,-4,-1,0
1785,-7,-2,-34,1,-1,3,3,-3,0
1790,-7,-43,26,27,3,3,4,4,0
1795,20,113,13,-98,-19,-6,-4,4,0
1800,-11,-67,-30,40,13,0,-4,-5,0
1805,8,30,19,-4,-3,0,1,2,0
1810,3,-10,-19,19,8,2,0,3,0
1815,-8,5,28,28,6,3,7,5,0
1820,-3,-27,-26,2,-4,-2,1,0,0
1825,8,25,11,4,0,-2,-4,0,0
1830,-8,-20,-15,-6,-1,-3,-5,-2,0
1835,-3,9,7,4,-3,-3,0,1,0
1840,-18,-68,-43,-26,-12,-7,1,-5,0
1845,9,45,65,24,7,7,5,7,0
1850,-1,-22,-28,-23,-6,-6,-3,-2,0
1855,2,21,56,14,3,-6,-3,2,0
1860,-15,-71,-59,-18,-6,-10,-7,-7,0
1865,8,61,-5,-9,-3,3,4,1,0
1870,4,6,46,-4,-2,0,-5,-3,0
1875,-15,-52,-37,-1,5,-5,-11,-6,0
1880,26,109,109,28,8,9,9,10,0
1885,-13,-59,-68,-16,-8,-4,-5,-18,0
1890,13,0,-19,8,8,-1,2,12,0
1895,-15,-62,-59,-7,0,0,-3,-5,0
1900,2,23,42,-3,-2,1,3,6,0
1905,2,39,31,3,1,4,-5,-9,0
1910,-4,-61,-124,-9,3,-10,5,-12,0
1915,-7,1,56,0,-3,25,6,-17,0
1920,6,20,-8,3,2,4,7,1,0
1925,-10,-30,-26,-7,6,41,6,3,0
1930,1,7,28,-2,-15,-24,-31,-26,0
1935,-11,21,6,0,5,-45,-17,-52,0
1940,16,2,-28,1,-17,32,43,54,0
1945,-10,-13,14,-6,3,-24,28,3,0
1950,-14,-2,4,-7,-2,80,-3,-4,0
1955,9,11,14,-4,-4,77,45,-35,0
1960,4,-2,-8,8,-7,-107,-44,39,0
1965,-18,-13,3,-8,-3,90,27,-17,0
1970,14,4,8,-3,11,85,58,64,0
1975,6,5,4,4,1,-76,-64,35,0
1980,-14,3,-9,1,18,24,-62,-86,0
1985,15,7,12,5,-14,-50,74,48,0
1990,-1,9,9,7,7,-65,-28,-41,0
1995,-16,-16,-2,-5,-12,84,72,86,0
2000,-8,-6,-18,-13,-5,40,-40,-68,0
2005,22,14,18,8,1,-46,2,48,0
2010,-11,-6,2,-6,-1,20,25,2,0
2015,20,-1,5,-1,-14,-54,-10,14,0
2020,4,9,1,5,6,-3,4,-5,0
2025,-5,-13,-16,-9,-7,11,-24,-24,0
2030,-2,1,12,0,-1,-31,-4,2,0
2035,-1,3,-1,-1,4,-31,-25,-3,0
2040,3,-2,-7,-1,0,3,26,15,0
2045,-6,-14,-5,-8,2,-13,-32,-16,0
2050,5,11,5,3,-1,-29,-11,19,0
2055,-1,-1,1,-2,1,5,-12,-20,0
2060,-2,-2,-8,-2,-1,7,20,8,0
2065,-2,5,10,-1,-2,-1,-14,-4,0
2070,-2,11,12,1,-4,-13,-17,-16,0
2075,0,-11,-8,1,-1,14,6,-7,0
2080,-1,-7,-11,-5,-3,1,17,12,0
2085,0,11,33,9,2,-16,-30,-3,0
2090,0,26,4,4,1,1,3,-1,0
2095,1,-4,-14,-1,0,-4,0,-2,0
2100,-13,-15,8,22,6,-6,11,13,0
2105,-1,-20,-28,-16,-4,4,-14,-12,0
2110,5,31,28,11,9,-3,-1,1,0
2115,-3,-25,-47,-25,-8,-1,-3,-3,0
2120,1,1,14,-4,-6,1,-1,-5,0
2125,-1,3,-38,7,7,4,-4,-9,0
2130,-7,-1,45,8,-2,0,5,1,0
2135,9,0,-9,13,4,-9,-7,0,0
2140,1,2,4,-36,-9,4,7,4,0
2145,3,21,23,17,-4,-5,-10,-5,0
2150,19,72,62,14,6,-1,0,10,0
2155,-9,-47,-76,17,10,8,0,0,0
2160,-5,-8,-36,-38,-16,-1,4,-1,0
2165,7,17,80,-23,1,-4,-6,1,0
2170,-16,-72,-89,-24,-13,-15,-18,-18,0
2175,12,72,61,28,3,7,6,7,0
2180,-6,-52,-74,21,10,-2,5,3,0
2185,-4,-18,-20,-3,0,2,-1,-1,0
2190,-8,-49,-19,3,-4,-4,-2,-4,0
2195,4,7,44,6,9,-1,-4,-3,0
2200,-5,-35,-35,-2,5,-1,-1,2,0
2205,-1,16,10,4,-3,-1,-4,-2,0
2210,-8,-22,12,-11,-5,-2,2,-3,0
2215,5,-9,-45,-1,7,-2,-1,-1,0
2220,7,35,68,10,-1,1,-1,2,0
2225,-2,-27,-50,3,3,1,-3,-1,0
2230,-1,5,-2,-7,-1,1,4,7,0
2235,-5,11,1,-19,-6,0,-3,-11,0
2240,4,6,22,2,-1,-4,-6,8,0
2245,-12,-5,-16,-9,-6,-4,5,-6,0
2250,1,-15,-27,-1,2,3,-1,13,0
2255,1,16,55,-1,1,3,-5,0,0
2260,-5,11,-2,2,5,2,-7,-28,0
2265,9,-1,-6,-1,-12,-5,27,67,0
2270,-7,9,0,-5,-6,-43,-13,-31,0
2275,-8,-4,16,0,1,30,18,1,0
2280,10,20,7,7,0,-16,-15,15,0
2285,-6,-14,-6,1,8,51,22,-5,0
2290,8,-6,-5,-1,-5,-29,5,4,0
2295,-10,-1,4,-8,-2,-4,-15,-19,0
2300,2,-2,-2,1,-1,34,11,17,0
2305,12,12,10,5,4,-51,-14,15,0
2310,-4,-5,-10,-2,3,13,-7,-24,0
2315,3,0,10,-1,-7,20,21,40,0
2320,-4,6,9,7,3,2,-5,5,0
2325,-1,-3,1,-1,3,-22,-39,-49,0
2330,-6,-2,-7,-1,5,-2,-12,58,0
2335,15,13,9,0,-5,-11,31,-5,0
2340,-6,6,6,2,3,9,8,-7,0
2345,15,2,-5,-4,-2,-55,-49,-7,0
2350,-3,-4,-4,0,4,48,39,-22,0
2355,4,-1,-4,-7,-18,-48,-12,19,0
2360,-2,8,9,5,-1,-1,22,32,0
2365,-1,1,-7,-1,-1,24,14,-41,0
2370,5,6,6,-2,5,21,1,8,0
2375,-6,-2,-1,0,3,-18,-22,-7,0
2380,4,8,3,-1,-3,3,6,-17,0
2385,-5,-5,-5,0,-1,12,3,15,0
2390,0,-2,-1,1,-3,-13,-5,-9,0
2395,-3,-1,0,-3,3,16,8,-7,0
2400,2,3,-3,0,0,-18,-11,-6,0
2405,-6,-2,3,-1,-1,16,10,-4,0
2410,4,2,0,0,-3,-3,-7,1,0
2415,-5,-2,0,-2,1,-7,-11,-13,0
2420,2,-6,-1,-3,1,1,2,-4,0
2425,-1,3,1,1,-3,-2,-1,4,0
2430,-1,-1,-9,-2,-4,4,-2,-6,0
2435,-3,-8,-1,1,1,-1,-7,0,0
2440,-10,-12,-5,-6,-2,-9,-4,-6,0
2445,-11,-6,0,1,-1,11,5,-5,0
2450,4,19,11,6,0,-5,-3,3,0
2455,-3,0,1,0,3,4,-1,-5,0
2460,-1,-6,-4,2,-3,-5,-4,-3,0
2465,-6,-8,-7,-7,-5,2,-2,-4,0
2470,1,18,13,0,5,1,-1,-1,0
2475,-10,-16,-12,-4,-3,-6,-5,-3,0
2480,7,7,-2,2,0,0,2,-4,0
2485,-9,-21,-14,-6,0,3,1,2,0
2490,-7,-26,-16,-4,-3,-3,-4,-6,0
2495,7,13,6,16,8,6,3,3,0
2500,-1,-13,-10,-38,-12,-6,-6,-7,0
2505,7,50,30,12,3,5,3,0,0
2510,-6,-28,-1,24,6,-1,1,-2,0
2515,-1,22,-14,-23,-3,2,3,-1,0
2520,0,21,47,10,-1,-5,-8,-6,0
2525,-4,-4,36,8,2,-4,-4,-2,0
2530,-4,-17,-22,23,-3,-2,-3,-4,0
2535,10,8,-22,12,13,6,6,7,0
2540,3,11,6,12,4,-1,2,0,0
2545,-5,-13,-29,-17,-5,-1,-1,-6,0
2550,4,-2,31,1,-5,-2,-2,0,0
2555,6,59,69,17,1,2,0,3,0
2560,10,0,-30,10,7,-1,4,7,0
2565,-4,-34,-18,1,-2,3,3,2,0
2570,4,4,-10,-2,3,4,2,5,0
2575,-5,-18,-18,-17,-8,-7,-5,-3,0
2580,-2,-13,4,-2,-2,-2,-4,-5,0
2585,1,18,19,14,6,2,0,2,0
2590,-2,-27,-51,-21,-1,-5,-4,-2,0
2595,-2,-6,14,-10,-6,-3,-3,-4,0
2600,-5,-22,7,16,4,1,-1,-1,0
2605,-2,-2,-42,-25,-11,-5,-4,-1,0
2610,8,11,7,-3,4,1,-2,-1,0
2615,-8,-14,-11,2,-3,-6,-4,-6,0
2620,-3,1,23,4,0,4,1,0,0
2625,4,41,36,0,1,-1,0,0,0
2630,-3,-7,-29,-15,-1,-7,-4,-4,0
2635,2,8,22,6,1,1,-1,1,0
2640,-4,-14,-24,-1,0,2,1,-1,0
2645,1,-1,3,-9,-9,-1,-1,0,0
2650,1,12,6,-5,-3,0,0,0,0
2655,-5,-37,-19,3,4,1,-3,-3,0
2660,0,20,9,-5,-3,-2,-1,-3,0
2665,-1,-15,-10,3,7,34,-5,-16,0
2670,9,12,20,4,6,-11,17,22,0
2675,-3,-15,-12,-6,0,41,-1,6,0
2680,-7,9,-1,-4,-8,20,-9,-22,0
2685,8,0,-4,9,6,-55,0,2,0
2690,7,5,12,-3,2,40,33,13,0
2695,1,0,5,4,21,53,-10,-28,0
2700,2,3,-9,3,-13,-89,7,-13,0
2705,4,-6,0,4,-8,-26,-31,-5,0
2710,-20,13,6,-11,-30,-53,-20,14,0
2715,-8,-8,-13,-11,0,-28,-44,-76,0
2720,-8,-16,-5,3,19,124,98,69,0
2725,-5,-3,0,-1,12,-11,-27,-63,0
2730,-2,9,16,0,3,22,6,-14,0
2735,-2,2,-6,-5,-32,-110,-86,-56,0
2740,-2,-6,-1,0,3,33,16,56,0
2745,-8,9,10,4,5,27,22,-42,0
2750,1,2,1,3,3,36,1,-7,0
2755,-14,-29,-13,-1,-5,-6,26,24,0
2760,7,14,2,-2,-6,-29,-51,-36,0
2765,3,-1,-2,-3,-3,14,10,52,0
2770,-4,-7,-3,-5,6,-4,-6,-12,0
2775,5,13,8,4,-2,6,18,22,0
2780,-1,3,-3,-3,0,-29,-20,-7,0
2785,-3,-14,-15,-4,2,20,14,21,0
2790,2,7,4,-2,-7,-11,-7,-16,0
2795,-1,-2,-1,-2,-1,-5,16,24,0
2800,-6,-13,-11,-6,1,1,-12,-5,0
2805,1,-1,2,1,-7,-6,5,15,0
2810,0,-3,-1,-2,0,-11,-16,-11,0
2815,2,4,2,1,3,12,18,26,0
2820,4,5,5,0,0,-5,-4,-12,0
2825,-9,-16,-12,-6,-7,-1,-4,3,0
2830,0,4,1,-4,-1,-12,-10,-1,0
2835,2,-5,-1,-2,3,15,13,13,0
2840,-1,-7,-5,-4,-1,-8,-8,-14,0
2845,4,18,7,4,-3,-3,3,9,0
2850,-2,5,-8,-2,0,3,-4,3,0
2855,2,-25,-8,4,3,5,9,7,0
2860,-4,22,9,-7,-7,-7,-10,-8,0
2865,17,22,-4,12,6,5,5,11,0
2870,-8,-1,-1,-12,3,-1,-3,-4,0
2875,5,21,-10,-1,-6,1,2,1,0
2880,2,5,24,-14,-2,-4,-2,0,0
2885,-6,-27,2,10,-7,-1,-5,-2,0
2890,-5,-7,-13,-2,1,-1,-2,-4,0
2895,4,38,33,-15,3,-2,3,3,0
2900,2,-7,-17,4,0,-1,-6,-2,0
2905,-7,0,-6,4,-7,0,3,4,0
2910,2,-8,-3,20,6,-1,-2,0,0
2915,-1,-11,-37,-38,-13,1,3,3,0
2920,-5,5,16,20,7,1,-6,-9,0
2925,4,-37,-22,-22,2,1,1,3,0
2930,3,55,71,27,-7,-5,-1,2,0
2935,0,17,9,7,2,1,5,3,0
2940,-15,-42,-48,-15,-14,-5,1,-7,0
2945,21,43,43,19,12,10,8,11,0
2950,-6,-18,-9,-6,-5,2,1,1,0
2955,15,52,61,35,19,5,1,7,0
2960,-6,-43,-24,-19,-14,-4,-5,-4,0
2965,-3,19,10,1,-6,-2,-1,1,0
2970,-7,-17,-19,-21,-3,-2,-5,-3,0
2975,-5,-22,-3,-1,-4,-1,0,-1,0
2980,4,-5,-23,12,7,-1,-1,0,0
2985,-6,-8,9,-9,0,-1,3,20,0
2990,8,5,-12,-4,4,2,-9,14,0
2995,-9,-24,-14,3,-9,-2,-2,-27,0
3000,6,22,12,3,5,8,16,38,0
3005,-3,-9,-11,-7,-2,1,-3,11,0
3010,0,-3,5,-2,-5,-39,-12,-20,0
3015,-11,-18,-16,1,-12,8,38,9,0
3020,6,21,14,-2,1,-92,-70,-63,0
3025,-3,-4,-4,-6,-2,6,-26,56,0
3030,9,-11,-11,9,4,71,49,-35,0
3035,3,-15,-10,-13,-32,-51,-34,45,0
3040,7,5,4,-5,1,77,80,-26,0
3045,2,-13,-10,2,2,-81,-41,-23,0
3050,3,0,0,-2,18,81,19,-8,0
3055,-4,-5,-5,5,10,2,4,11,0
3060,-3,0,11,8,2,2,-3,39,0
3065,-15,-10,-12,-7,-10,20,19,-21,0
3070,-12,-11,-6,-4,-4,-32,-38,-14,0
3075,-1,-5,0,-1,-3,-15,5,0,0
3080,-1,-8,-5,-2,10,56,13,45,0
3085,6,6,-1,-1,-11,-7,13,-11,0
3090,-21,-18,-15,-14,-6,-40,-28,-19,0
3095,1,-23,-11,-1,7,27,-3,20,0
3100,12,28,15,6,-4,-3,-3,-17,0
3105,-4,-8,-4,-4,-2,13,1,0,0
3110,-3,-1,1,1,2,-14,12,-4,0
3115,-3,-10,-4,1,11,5,-17,-13,0
3120,0,3,0,1,-5,-2,-8,11,0
3125,-7,4,8,3,-1,9,14,-29,0
3130,4,9,2,5,-2,-16,-7,19,0
3135,4,10,7,2,5,10,5,-14,0
3140,-2,-3,2,-2,-1,-22,-20,-10,0
3145,-5,-10,-3,-3,-4,0,10,-3,0
3150,2,-3,-3,-1,1,-2,2,13,0
3155,5,-2,-1,-1,1,8,-4,-3,0
3160,2,1,3,3,-4,-9,2,-11,0
3165,-5,-7,-6,-2,0,8,-4,-1,0
3170,-4,-10,-4,-2,-1,-1,-1,12,0
3175,-3,11,5,0,-2,-1,0,-20,0
3180,2,15,9,1,2,-7,-4,4,0
3185,-5,-12,-22,7,3,8,4,-3,0
3190,5,26,16,-5,-2,-8,-2,4,0
3195,-6,-23,-22,-1,1,-3,-2,-7,0
3200,-7,-12,-2,0,-2,-7,-1,-2,0
3205,3,10,1,1,2,9,0,3,0
3210,1,-46,-8,8,5,-5,2,1,0
3215,-1,45,25,-12,-8,-1,-5,-7,0
3220,14,57,32,-1,2,1,-3,4,0
3225,0,-24,-28,14,3,4,3,-5,0
3230,0,14,1,-23,-5,-2,3,6,0
3235,-6,-32,-23,20,8,-1,-3,-7,0
3240,-6,-20,-3,8,-4,-3,-1,-1,0
3245,-1,28,6,-17,-1,1,3,0,0
3250,-5,-10,18,-7,-6,-4,-4,-1,0
3255,2,3,-22,-13,-5,1,-3,-1,0
3260,-2,-4,2,8,4,1,1,-4,0
3265,-2,-34,23,-14,-10,-3,-4,-5,0
3270,1,-9,-17,9,4,-1,-2,1,0
3275,-2,-1,-8,-2,-3,1,5,-3,0
3280,-11,-46,-19,-4,-6,-4,-5,-3,0
3285,-2,-5,3,12,0,6,9,1,0
3290,9,23,40,1,4,0,-3,4,0
3295,-2,-3,-2,13,19,-1,-2,-1,0
3300,0,-13,-17,-5,0,-1,2,2,0
3305,-4,-13,-29,-16,-19,-4,-1,-1,0
3310,-3,1,-13,-3,-6,0,-2,-7,0
3315,1,18,10,-6,-2,-2,-12,10,0
3320,-3,-2,5,-3,3,-7,-4,-53,0
3325,-4,4,9,0,10,18,-8,-4,0
3330,-3,8,-11,7,1,1,-6,-24,0
3335,-2,-16,3,-2,-8,-47,-29,59,0
3340,6,10,-2,-4,-3,29,20,-5,0
3345,3,12,9,3,-4,-14,11,7,0
3350,4,-2,-8,-2,-14,-17,-30,-41,0
3355,5,3,4,-2,24,48,58,-25,0
3360,3,2,-1,-1,-31,-71,-24,56,0
3365,12,15,7,1,0,-21,-8,-40,0
3370,-6,-6,-11,-4,9,36,25,23,0
3375,1,0,7,0,-1,-24,-24,-24,0
3380,-4,7,-2,3,17,27,-9,3,0
3385,-5,-4,3,4,8,34,14,4,0
3390,2,14,1,2,-4,-38,-27,3,0
3395,2,-6,5,3,-5,55,44,-4,0
3400,-13,-5,-7,-5,8,-6,-19,-2,0
3405,-5,0,-1,-3,-5,10,1,10,0
3410,3,2,0,4,9,14,8,14,0
3415,-10,0,-1,-3,-18,-53,-24,-3,0
3420,9,11,2,0,-4,3,13,-55,0
3425,-5,10,6,-4,-4,-27,-13,8,0
3430,-2,-14,-2,1,2,29,2,11,0
3435,-7,-6,-2,-3,-6,-13,-5,-4,0
3440,-8,-4,-3,-5,-1,-10,1,-6,0
3445,6,5,2,2,5,18,3,5,0
3450,-13,-14,-9,-5,1,-9,1,2,0
3455,9,19,11,4,0,-13,-19,-5,0
3460,-8,-10,-6,0,1,16,6,12,0
3465,-4,-5,-3,-4,-1,-1,-3,1,0
3470,-1,2,-3,0,-5,-13,2,11,0
3475,-1,-1,4,-1,3,15,13,-7,0
3480,1,-3,-4,-4,0,12,3,11,0
3485,-2,-7,-5,-2,-1,-3,2,-3,0
3490,9,15,7,4,-2,-13,4,-5,0
3495,-5,-5,1,-2,1,13,-2,-1,0
3500,-5,-5,1,2,4,1,2,6,0
3505,15,25,14,4,-5,-14,-8,2,0
3510,2,1,1,0,-1,3,5,3,0
3515,2,-5,-2,4,1,11,0,4,0
3520,-3,-5,-5,-2,-3,-3,-2,7,0
3525,-8,-18,-11,-4,2,2,7,-4,0
3530,6,6,3,3,2,1,3,3,0
3535,0,-10,-9,-1,-2,0,1,1,0
3540,6,23,9,1,1,-3,0,0,0
3545,-7,-33,-19,-5,-1,0,-2,-4,0
3550,0,14,13,0,1,0,1,0,0
3555,-15,-33,-26,-14,-3,-8,-7,-4,0
3560,4,-3,5,-1,-3,2,2,4,0
3565,-1,8,-4,3,1,-1,-3,1,0
3570,2,6,10,3,-2,-2,-1,2,0
3575,4,9,5,7,2,7,5,2,0
3580,0,-9,-18,-10,-4,3,0,2,0
3585,0,-8,6,9,2,0,1,-1,0
3590,1,9,-30,-12,-2,-2,4,0,0
3595,3,23,38,3,5,3,-3,-1,0
3600,-5,2,7,11,-2,-4,-4,-2,0
3605,1,4,9,7,6,3,0,2,0
3610,2,-2,-23,7,-1,-2,2,-1,0
3615,-1,0,-3,-5,-2,0,1,-2,0
3620,-1,-1,-8,12,0,1,3,3,0
3625,3,8,-2,-38,-4,2,-1,-1,0
3630,-3,-12,0,-3,7,1,-3,-1,0
3635,2,11,-2,8,4,1,0,-1,0
3640,3,1,19,0,-9,-7,-2,-1,0
3645,-1,28,20,21,5,3,5,1,0
3650,-1,-30,-37,-21,-10,-5,-2,0,0
3655,4,20,20,2,0,-4,-3,-2,0
3660,-1,-14,-5,6,14,8,5,4,0
3665,0,19,21,6,-14,-3,-1,1,0
3670,-3,-4,5,-1,5,-5,-3,-2,0
3675,-7,-9,-15,-5,-8,0,-2,-4,0
3680,3,-8,-21,-3,4,-2,0,1,0
3685,0,-8,4,-7,-1,3,-4,-4,0
3690,1,8,12,16,6,-1,3,-1,0
3695,-3,-6,-7,-9,7,11,-4,-11,0
3700,3,20,10,-10,-7,-15,-2,12,0
3705,-5,-13,-16,-3,-13,-20,-18,-1,0
3710,-4,-6,9,0,-2,9,4,-10,0
3715,-9,-5,-10,-8,-5,17,11,21,0
3720,3,-3,1,3,11,-19,4,-49,0
3725,5,-9,-3,6,0,34,53,19,0
3730,-8,4,6,-14,-55,-108,-92,-48,0
3735,0,-6,-5,-2,2,69,21,33,0
3740,-11,6,-7,-13,-35,-71,-27,-49,0
3745,-10,-1,-6,2,12,-29,-29,-12,0
3750,4,5,8,4,12,26,32,17,0
3755,-5,-7,-3,-2,7,-16,-17,-15,0
3760,-1,-7,-3,-1,7,17,17,14,0
3765,-4,-5,-3,-2,-1,-20,-19,-3,0
3770,-2,3,6,4,10,13,4,1,0
3775,-1,-15,-5,-2,-2,-16,-22,-27,0
3780,6,5,12,6,-1,32,10,29,0
3785,-1,-10,-8,-2,-1,-32,-17,-13,0
3790,-12,-9,-3,-1,6,35,27,10,0
3795,-1,8,6,3,-1,-2,19,-3,0
3800,-1,2,5,2,3,2,-7,9,0
3805,1,-2,-2,-6,2,22,8,7,0
3810,-16,-24,-14,-2,7,4,-2,-2,0
3815,5,10,3,-1,-1,-23,-7,2,0
3820,4,-4,-2,-4,-4,13,0,5,0
3825,21,34,17,10,0,8,0,-1,0
3830,-7,-9,-5,0,9,15,10,9,0
3835,13,14,3,5,-3,-21,-6,-5,0
3840,-3,-5,-7,-4,2,20,2,6,0
3845,-24,-35,-22,-11,1,12,8,-3,0
3850,13,26,20,5,0,-5,-1,4,0
3855,-8,-16,-12,-5,-2,-2,-4,0,0
3860,2,15,13,7,3,6,1,4,0
3865,8,11,5,4,-3,1,2,2,0
3870,-1,-3,0,-2,1,0,-3,3,0
3875,-6,-4,-2,-1,-1,-6,-4,-5,0
3880,9,14,4,-1,-4,6,6,10,0
3885,3,3,6,2,2,1,1,-4,0
3890,-7,6,1,-2,0,4,2,0,0
3895,11,9,7,6,-3,-4,-2,-3,0
3900,-5,-28,-20,-8,1,2,0,0,0
3905,-3,-5,-8,-1,-1,2,0,-1,0
3910,5,6,6,5,1,0,-2,1,0
3915,-7,-12,-10,-2,1,-7,-2,1,0
3920,-5,31,21,-2,-1,5,0,0,0
3925,0,-23,-22,7,-2,2,-2,-4,0
3930,5,6,1,-7,1,1,7,4,0
3935,-8,-18,-26,-4,1,-4,0,-2,0
3940,-1,-11,-1,-46,-11,0,-4,-1,0
3945,0,-3,-10,9,3,4,2,-1,0
3950,7,28,36,20,5,4,0,2,0
3955,1,-9,-19,19,5,-1,0,1,0
3960,-5,-6,-3,-19,-12,1,2,0,0
3965,4,20,46,16,0,0,-1,-2,0
3970,-3,-45,-49,-23,-7,-6,-5,-1,0
3975,1,31,24,12,31,2,-6,-3,0
3980,-8,-36,-34,-9,-25,5,3,4,0
3985,-4,20,-9,-9,-20,-11,-3,-1,0
3990,0,-8,13,14,18,7,2,-2,0
3995,2,5,9,-4,-4,0,2,0,0
4000,2,3,5,17,9,0,1,2,0
4005,-2,-9,-3,1,9,5,3,0,0
4010,4,16,15,12,7,3,3,3,0
4015,-3,-7,-9,-16,-14,-6,-5,-3,0
4020,-2,-18,-10,5,-8,0,0,-1,0
4025,0,11,1,-13,6,-6,3,3,0
4030,0,-4,-3,-6,-30,-8,-4,-4,0
4035,1,-5,10,7,18,2,-4,-3,0
4040,3,3,12,16,2,-2,3,6,0
4045,-3,-16,-19,-16,2,6,3,1,0
4050,0,18,-8,-10,-14,5,-1,-2,0
4055,5,1,9,15,12,1,0,0,0
4060,-1,-3,10,24,21,13,1,-2,0
4065,-3,-8,-3,-12,9,34,4,0,0
4070,0,-4,-10,-15,-41,-95,-21,-4,0
4075,-4,-2,-5,-14,-17,29,-1,-3,0
4080,1,13,4,14,10,3,6,1,0
4085,-3,-2,7,8,20,14,-2,-1,0
4090,0,-3,6,14,23,24,2,1,0
4095,-4,-3,-4,-20,-10,-27,-2,-1,0
4100,3,-6,-5,-4,2,15,2,0,0
4105,1,5,2,4,-14,-11,-2,1,0
4110,1,5,4,-3,4,13,4,4,0
4115,3,16,12,4,4,-10,-6,3,0
4120,-1,-10,-5,-2,0,10,3,9,0
4125,-3,-12,-6,5,-9,-15,-3,-6,0
4130,-1,-3,17,18,21,18,4,-2,0
4135,-2,-7,6,-14,12,-3,-1,2,0
4140,9,21,-17,-17,-29,-6,2,0,0
4145,0,-9,3,19,-2,-7,2,1,0
4150,4,2,4,4,10,6,-1,-1,0
4155,-7,-8,-27,-24,2,1,-3,-5,0
4160,-1,-25,-1,14,15,-4,2,2,0
4165,5,47,45,-12,-19,-9,-3,-2,0
4170,-8,-38,-5,4,1,7,-1,-1,0
4175,5,40,20,19,3,-4,-4,-1,0
4180,-7,-27,-9,-4,-3,-1,0,-1,0
4185,2,-3,-28,4,-1,0,1,4,0
4190,0,5,2,11,10,6,0,-5,0
4195,-3,-7,-11,-20,-11,-11,-6,-6,0
4200,1,-6,1,-2,-14,-7,-1,3,0
4205,3,11,10,-3,1,2,1,2,0
4210,-6,-4,-17,-8,2,3,-3,0,0
4215,3,-5,0,14,4,3,-2,-1,0
4220,-6,22,20,-1,-2,3,3,0,0
4225,-5,-30,-32,-17,-16,-10,-7,-5,0
4230,7,19,5,0,6,3,0,-1,0
4235,0,6,6,5,-1,-2,1,0,0
4240,-5,9,6,11,1,-1,-1,-3,0
4245,-6,-38,-28,3,6,3,4,1,0
4250,4,22,9,-12,-11,-4,-1,2,0
4255,-5,2,13,-15,-8,0,1,0,0
4260,5,-12,-15,5,0,-3,-1,-1,0
4265,1,17,35,14,16,4,-2,-3,0
4270,-2,-8,-13,-5,-7,-1,-1,-2,0
4275,1,4,-13,3,15,0,0,2,0
4280,-4,-10,34,-15,-41,-5,-2,-1,0
4285,2,9,-1,7,17,-4,-4,-1,0
4290,-1,-13,-28,-9,-2,2,3,2,0
4295,0,19,26,7,-8,3,0,0,0
4300,1,11,42,0,15,-4,-2,-1,0
4305,-4,-18,-23,-3,7,-2,-3,-3,0
4310,-2,9,1,-10,-13,0,1,4,0
4315,-1,-18,-8,2,-7,2,2,1,0
4320,-4,4,-18,-2,4,-3,-4,-4,0
4325,2,4,5,-3,-5,-5,-3,-1,0
4330,-3,-11,-11,-4,3,1,-1,-1,0
4335,1,-8,-3,2,-10,2,4,2,0
4340,0,4,-6,6,13,-2,-5,-3,0
4345,-3,-6,-16,-5,-2,-1,-3,-4,0
4350,0,-1,4,-1,-2,1,-2,0,0
4355,0,-5,4,5,-11,1,5,3,0
4360,0,6,-19,-2,6,-4,-4,-7,0
4365,-1,5,4,-4,0,-3,0,-1,0
4370,-2,-9,-3,3,-1,2,2,-1,0
4375,0,-1,-9,-15,-13,-2,1,2,0
4380,-2,-8,8,22,15,1,-3,-5,0
4385,0,0,-15,-10,-5,0,-1,-1,0
4390,0,11,23,-2,-4,-2,0,-1,0
4395,3,-2,-8,7,2,4,6,4,0
4400,-3,-6,-14,-11,0,-3,-7,-1,0
4405,2,12,19,7,2,-2,-2,-2,0
4410,0,1,-2,7,3,-2,0,1,0
4415,-1,-6,-5,-6,-8,2,3,1,0
4420,0,6,0,-4,-1,1,-1,-2,0
4425,1,-1,-2,-2,0,1,-2,0,0
4430,-2,-1,-5,-5,0,0,3,1,0
4435,0,-3,6,6,-2,-3,0,1,0
4440,1,-1,-12,0,6,-3,-2,0,0
4445,-4,-2,-1,-7,-5,0,-3,-2,0
4450,-2,-2,-3,-2,-3,2,2,0,0
4455,-4,-5,7,2,-2,1,0,-4,0
4460,-2,-3,-24,-1,0,-4,-4,-2,0
4465,2,11,28,-1,2,-2,-2,-2,0
4470,3,2,6,5,0,-1,-1,-1,0
4475,-1,9,21,-2,-3,1,0,1,0
4480,3,-19,-45,3,4,1,-1,1,0
4485,-1,-1,10,-9,-1,-1,-1,-2,0
4490,-3,-12,-3,0,-1,2,-2,-1,0
4495,1,12,12,2,1,0,-1,-3,0
4500,2,13,-2,-3,1,0,2,0,0
4505,-4,-11,-8,-1,-4,-1,-2,-2,0
4510,6,4,-3,-1,2,2,-1,-5,0
4515,-4,-11,-10,-1,-1,-2,-4,6,0
4520,0,3,19,0,-3,1,3,2,0
4525,0,1,-8,1,3,-1,-1,-4,0
4530,-1,-2,4,-4,-4,0,-2,-2,0
4535,-2,-15,-31,-1,1,-2,-1,0,0
4540,2,17,52,3,1,1,-2,1,0
4545,2,5,2,4,2,-2,-1,1,0
4550,-3,4,-2,-3,-3,-2,-1,1,0
4555,4,1,-3,3,3,0,-1,-5,0
4560,-2,1,3,0,-4,1,3,1,0
4565,-2,-4,-4,2,1,-1,-2,-1,0
4570,-2,-6,-11,-2,-3,-2,-2,2,0
4575,-2,-12,-11,2,1,2,0,0,0
4580,0,13,25,-4,-1,-6,-3,-6,0
4585,-3,1,-1,-2,-4,-3,-2,-2,0
4590,0,11,3,1,1,-1,2,3,0
4595,0,-3,-1,1,-1,-1,2,0,0
4600,-2,-7,-18,-7,1,-3,-3,-3,0
4605,0,-3,-2,-1,-3,1,-4,-1,0
4610,0,3,8,-1,2,-1,-1,-2,0
4615,1,-5,2,-3,-1,0,2,0,0
4620,-3,-3,-4,0,3,0,-3,-3,0
4625,3,1,-2,2,1,-3,1,0,0
4630,-1,-1,7,-1,-3,0,-2,-2,0
4635,2,-12,-26,3,2,1,1,1,0
4640,-2,5,3,1,-5,1,3,-1,0
4645,-3,-5,-11,-5,-1,-2,-1,-1,0
4650,3,4,17,2,-2,0,1,0,0
4655,-5,-11,-6,-9,-2,-3,-5,-3,0
4660,2,21,29,2,-3,2,3,4,0
4665,-2,6,-2,-3,-1,2,-2,-6,0
4670,0,-13,-6,-2,-3,-2,5,27,0
4675,-2,12,21,-1,1,-1,-3,-18,0
4680,0,-3,-8,4,0,1,2,-2,0
4685,-2,-5,0,-3,-6,1,2,2,0
4690,-3,-4,-10,0,2,2,-3,-5,0
4695,0,9,14,-1,1,-3,-4,0,0
4700,-3,-13,-17,-2,-2,0,0,5,0
4705,0,2,1,1,1,-1,-1,-5,0
4710,-1,-5,-7,0,2,-2,-2,-5,0
4715,2,0,-5,1,-2,-1,1,3,0
4720,-2,-6,-6,-1,-3,-1,0,-4,0
4725,0,-2,2,-1,-2,0,-1,2,0
4730,-3,-3,-5,-1,4,-1,-1,-6,0
4735,-1,-3,-9,-2,0,-1,0,5,0
4740,-2,-5,-1,-3,-3,-1,1,0,0
4745,-4,0,11,-1,-2,-3,-1,1,0
4750,2,2,-6,-1,-2,0,-1,-4,0
4755,-3,0,1,-2,-1,0,1,0,0
4760,1,-5,-11,0,1,1,1,3,0
4765,1,4,6,-1,2,-1,2,1,0
4770,-5,4,14,1,-2,-2,0,-6,0
4775,0,-2,-10,2,-1,3,-3,5,0
4780,-1,-1,-2,-2,-1,0,4,0,0
4785,-1,-4,-2,0,1,-2,-4,-2,0
4790,0,-2,-9,0,2,-3,-4,-4,0
4795,1,11,25,3,-3,-1,-1,-3,0
4800,-1,-9,-9,-1,-1,0,1,2,0
4805,1,-2,-8,0,2,0,-4,-2,0
4810,1,-3,-3,-3,1,-1,-2,0,0
4815,-1,-1,-1,-2,-1,1,-9,0,0
4820,-1,2,0,0,-3,0,4,-2,0
4825,1,-3,-3,-1,1,-1,1,1,0
4830,1,2,-6,0,-1,-2,-2,-1,0
4835,-1,-1,0,-2,-2,-3,1,0,0
4840,-1,3,13,-2,-1,-3,-3,-1,0
4845,0,-11,-18,-2,-1,-2,1,1,0
4850,0,-2,1,-1,-1,-1,-1,-1,0
4855,0,5,5,-1,-1,-1,2,-1,0
4860,-2,-5,-1,0,0,2,-4,-4,0
4865,-1,2,-4,-1,-3,0,1,0,0
4870,-1,-2,2,1,0,1,-3,1,0
4875,-1,-4,-4,-1,1,0,2,-1,0
4880,0,-4,-9,-1,-1,-1,-1,2,0
4885,-1,5,8,0,0,0,-2,0,0
4890,0,0,-2,-3,0,-2,1,-3,0
4895,-1,2,-13,0,-1,1,1,0,0
4900,0,-2,10,2,3,1,-2,-2,0
4905,0,1,4,-2,-2,-4,-1,-2,0
4910,-1,-3,-8,-3,1,1,2,-3,0
4915,-1,-3,0,-1,-2,0,3,0,0
4920,-1,6,0,-1,1,0,-1,0,0
4925,0,-1,-2,-2,-2,-3,0,-1,0
4930,-2,-5,-4,1,-2,-1,-2,-2,0
4935,0,0,8,2,-1,2,-1,-1,0
4940,0,1,-8,0,-1,-3,-1,0,0
4945,-3,1,3,0,1,-1,-2,1,0
4950,0,-1,2,2,3,0,0,1,0
4955,3,-5,-16,-1,0,-1,0,0,0
4960,-1,-4,-5,-3,-3,-2,0,0,0
4965,-1,11,25,2,-2,2,-1,-2,0
4970,-2,-2,-8,-3,0,-4,-4,-4,0
4975,-2,-2,1,1,-2,-2,2,0,0
4980,-2,-2,-1,-2,0,-4,-2,-3,0
4985,0,-4,-7,-3,-2,-1,0,1,0
4990,0,1,3,-1,-2,0,-1,0,0
4995,-3,1,7,-2,-4,-1,0,1,0
5000,-1,-1,-1,-1,0,0,-3,-2,0
5005,1,-4,-10,-3,2,-2,1,-3,0
5010,-1,-4,-1,-2,-1,0,-3,1,0
5015,0,-4,-3,-2,0,1,1,2,0
5020,-2,4,6,2,0,0,-3,-1,0
5025,-1,-2,-9,-1,0,-1,-3,0,0
5030,0,0,-3,-1,-1,-1,-1,-2,0
5035,-1,2,5,1,-4,-3,1,0,0
5040,1,-2,-5,-1,0,1,-2,-2,0
5045,0,0,2,-1,1,1,1,0,0
5050,-1,-1,-7,-4,-2,-2,0,-2,0
5055,-1,2,11,6,1,0,-2,-1,0
5060,0,-2,-13,-5,-4,-1,0,0,0
5065,-2,-3,-1,-4,0,-3,-1,-3,0
5070,-2,-4,-7,-2,-1,-1,-2,1,0
5075,0,-3,-1,-2,-1,1,1,1,0
5080,0,-2,0,-1,3,-1,-1,0,0
5085,-1,3,-8,-1,-2,1,-3,-1,0
5090,-3,1,11,0,-2,-1,2,-1,0
5095,0,-5,-10,0,0,1,1,2,0
5100,-1,-1,-2,1,0,-2,-2,1,0
5105,1,-3,-5,0,1,0,-1,1,0
5110,-1,6,2,1,-2,0,0,-1,0
5115,-1,-3,-6,0,-2,-1,0,0,0
5120,-1,8,19,-1,-1,0,2,-1,0
5125,0,-2,-2,1,-1,1,0,0,0
5130,1,1,-1,0,0,-5,-2,-2,0
5135,-1,0,-3,-2,-1,2,1,-3,0
5140,1,-2,-2,1,0,-3,1,-2,0
5145,-2,0,2,1,-1,-3,-1,-2,0
5150,0,2,7,-2,1,0,-1,-1,0
5155,-1,2,0,-1,-2,0,0,1,0
5160,-3,-10,-13,-2,2,0,-5,-3,0
5165,1,-3,-9,-3,-1,-2,1,0,0
5170,0,3,3,0,0,2,0,-1,0
5175,-1,-1,-1,-1,-3,0,0,1,0
5180,0,-2,8,0,0,-2,-3,-2,0
5185,0,4,6,2,0,0,0,-1,0
5190,0,-6,-17,1,0,-2,-3,1,0
5195,-2,-2,0,-1,0,-1,1,1,0
5200,-2,4,4,0,0,-1,0,2,0
5205,-1,-6,-8,-1,1,-1,-1,-2,0
5210,1,2,6,-1,0,-2,0,-1,0
5215,-2,-3,2,0,-4,-1,1,-1,0
5220,0,0,-5,-1,0,-1,-2,-4,0
5225,-2,2,5,1,-2,0,1,0,0
5230,-2,-1,-3,-4,-1,-2,-2,0,0
5235,0,-4,-4,-1,-1,-1,-1,-1,0
5240,1,0,-7,-3,-2,-4,0,-2,0
5245,-1,4,6,-1,0,1,-3,2,0
5250,0,1,12,1,-1,-1,-3,-2,0
5255,3,2,7,1,2,2,1,2,0
5260,-2,-2,-9,0,0,1,-4,0,0
5265,0,-3,3,-3,1,2,-1,-1,0
5270,-1,-1,-8,-1,2,-3,-1,0,0
5275,0,-3,8,-2,-3,0,1,-2,0
5280,-1,1,4,0,0,-3,-1,-1,0
5285,-1,-2,-3,1,2,-2,0,0,0
5290,0,0,5,0,-2,3,0,0,0
5295,0,-5,-15,-2,-1,-1,0,-1,0
5300,-2,3,7,-2,-1,-2,1,-1,0
5305,-1,-1,3,0,-1,0,-3,-4,0
5310,-3,0,-4,-1,2,-2,0,-2,0
5315,-1,-2,-3,0,0,1,1,-1,0
5320,0,-3,-6,-1,0,-3,-2,0,0
5325,0,-2,-2,-1,0,2,-1,-1,0
5330,-2,0,-3,-2,1,-2,-4,0,0
5335,-2,2,8,0,-1,-1,0,-1,0
5340,1,-11,-20,-3,-1,0,0,-2,0
5345,-2,0,1,-1,0,-1,2,1,0
5350,0,0,-2,-1,0,-2,-1,-4,0
5355,0,2,3,-1,-1,2,-2,1,0
5360,-1,1,-1,-1,1,-1,1,-2,0
5365,-1,1,3,-1,0,-1,-1,3,0
5370,-4,-2,-2,0,0,-1,-1,-2,0
5375,0,-1,8,0,1,-2,1,2,0
5380,-2,0,-1,-2,-3,0,-2,-3,0
5385,1,2,0,-2,-4,-2,-1,-2,0
5390,0,2,0,-2,-1,0,1,-2,0
5395,0,-1,0,1,-1,-1,0,-1,0
5400,0,1,1,0,-1,-1,-2,-1,0
5405,-2,0,-1,0,-1,-3,-1,-2,0
5410,-1,-2,1,-1,0,1,-2,-4,0
5415,0,-2,-6,-2,-3,-1,-3,0,0
5420,0,7,14,0,0,-2,1,-1,0
5425,-1,-9,-18,-1,0,0,0,-2,0
5430,-1,-1,1,0,2,-1,-1,1,0
5435,-1,2,-1,-1,1,0,-1,2,0
5440,-1,0,6,-2,-1,-1,-2,0,0
5445,1,2,4,-2,-1,-1,-1,-2,0
5450,-2,-1,-1,-2,0,0,-1,-2,0
5455,-1,-3,-6,-1,-1,0,-1,-1,0
5460,-2,4,7,0,-1,-2,-1,0,0
5465,1,0,-2,-1,2,-2,-1,-3,0
5470,0,0,-5,0,0,-4,-1,-1,0
5475,-1,-3,-1,0,-2,-1,1,2,0
5480,1,-3,-10,-4,0,-1,-2,0,0
5485,0,7,31,1,0,1,0,1,0
5490,0,-1,-7,-1,-2,-2,-4,0,0
5495,-1,-2,2,0,-2,-2,1,-2,0
5500,-1,1,-2,-2,2,-2,-3,-2,0
5505,0,0,-2,-1,0,-2,-2,-1,0
5510,0,0,2,-1,0,1,1,-1,0
5515,1,-2,1,-1,-3,-1,-1,-2,0
5520,-1,-2,-3,-2,0,1,4,1,0
5525,-4,-3,-6,-2,1,0,-1,1,0
5530,0,1,4,-2,0,0,0,-2,0
5535,-1,-6,-14,-4,-1,1,1,0,0
5540,-1,1,4,0,0,-1,-4,-3,0
5545,0,-7,-15,-2,0,0,-1,-1,0
5550,1,-1,-5,0,-2,-3,-2,1,0
5555,-2,1,1,2,0,1,-1,0,0
5560,1,-2,-2,0,0,-2,-2,0,0
5565,-2,0,-3,-1,-3,-2,1,-3,0
5570,-1,-2,3,-2,-2,-1,-4,-2,0
5575,-3,0,-2,0,-3,0,2,1,0
5580,2,0,-1,-1,0,0,-3,-2,0
5585,1,1,4,-2,-2,-1,-3,0,0
5590,-1,-7,-14,-1,3,0,-2,-1,0
5595,-1,1,2,-2,-1,0,0,-3,0
5600,-1,-5,-3,-1,1,-2,-1,-3,0
5605,0,2,0,0,0,-3,0,2,0
5610,-4,1,5,-1,1,0,1,-1,0
5615,0,1,1,2,-1,2,0,1,0
5620,0,-3,-4,-2,-1,-2,-3,-3,0
5625,1,0,-1,0,0,1,-3,-3,0
5630,0,1,2,-2,0,-2,0,0,0
5635,0,-3,0,-1,-2,-2,1,0,0
5640,0,2,-1,2,0,0,1,-2,0
5645,-1,-9,-11,-3,-2,1,0,-2,0
5650,-1,2,2,1,0,-1,-2,0,0
5655,-1,-2,2,-2,1,1,1,1,0
5660,-1,-1,-1,-1,0,-2,-2,-2,0
5665,-1,3,3,-1,1,0,-1,0,0
5670,-1,1,1,-1,-1,-1,1,-3,0
5675,0,-2,0,-1,-3,-1,0,1,0
5680,-1,-1,-3,0,1,-2,-2,1,0
5685,-2,-5,-5,-1,-1,1,-1,0,0
5690,-1,2,3,-1,-2,-2,-1,-4,0
5695,0,3,3,2,-1,1,0,-1,0
5700,-1,1,0,-4,-2,-1,-1,-2,0
5705,-1,-2,2,0,0,-4,0,0,0
5710,-2,-1,-4,-2,-1,0,-2,0,0
5715,1,1,3,0,-3,-1,-2,-2,0
5720,-3,2,4,0,2,1,-2,-1,0
5725,1,1,2,2,1,-2,0,-3,0
5730,-1,-1,-1,0,-1,-2,-1,-1,0
5735,-2,-1,-1,-1,-2,0,-1,-1,0
5740,2,0,0,-2,-1,-1,-4,-1,0
5745,-2,3,1,-2,-1,0,1,2,0
5750,2,-2,-2,-2,-1,-2,-1,1,0
5755,-1,0,2,1,-1,1,1,-1,0
5760,-2,-4,-4,1,-2,-1,-1,-2,0
5765,0,4,3,-1,-2,-1,-1,-2,0
5770,1,-6,-15,-2,-1,1,-3,1,0
5775,-2,-1,1,0,-1,0,0,0,0
5780,-1,-2,-4,1,1,1,0,0,0
5785,0,0,2,-2,-1,-1,-2,-1,0
5790,0,4,5,-2,0,-1,1,-2,0
5795,-2,-3,-2,-1,-2,-1,1,-2,0
5800,-1,2,0,1,-2,-2,1,-1,0
5805,0,-6,-10,2,2,1,-2,-1,0
5810,0,1,5,1,-1,2,0,-1,0
5815,0,-2,-2,1,-1,2,0,-1,0
5820,-4,-1,-2,-1,1,-1,-1,-4,0
5825,0,0,-1,-2,-1,0,-2,-2,0
5830,-4,1,0,0,1,-2,-1,1,0
5835,-2,-2,4,2,0,1,1,4,0
5840,0,-1,-3,-1,0,-1,0,-1,0
5845,-1,-3,-1,-1,0,-2,0,-1,0
5850,2,1,0,2,0,0,-2,-1,0
5855,0,0,0,-1,-3,-2,-1,0,0
5860,-1,-3,2,-4,1,-2,1,1,0
5865,0,-1,-1,2,-1,-1,-1,-1,0
5870,-1,2,3,-2,-1,-1,-2,-2,0
5875,1,-1,-3,-1,-2,-1,-1,0,0
5880,-3,1,2,1,0,0,0,0,0
5885,2,-3,-1,-4,-2,2,-1,0,0
5890,0,-2,2,-1,-1,-2,-2,-1,0
5895,2,-3,-4,-1,0,0,-1,-1,0
5900,-1,0,-1,-2,2,-1,0,-1,0
5905,-2,2,6,-1,-2,-1,-2,1,0
5910,-1,-1,-2,0,-2,0,-1,-2,0
5915,-2,0,0,0,-2,-1,1,1,0
5920,2,-1,-3,0,0,0,-4,-2,0
5925,-2,3,5,-1,0,0,0,0,0
5930,-1,-1,-1,-1,0,0,-1,-1,0
5935,-3,-3,-4,1,-1,1,1,0,0
5940,-1,0,3,2,1,-2,-2,-2,0
5945,0,3,3,1,-1,-1,-1,-1,0
5950,-1,0,-1,-2,1,-1,0,0,0
5955,0,-2,-4,-1,0,0,0,0,0
5960,0,3,4,-2,-2,-1,-5,-1,0
5965,0,-7,-12,0,0,-2,-1,-2,0
5970,-2,-2,0,-3,0,-2,0,-1,0
5975,1,0,2,0,0,-1,0,-1,0
5980,1,0,0,-1,-3,0,-1,0,0
5985,-1,-1,-2,-1,1,-1,1,0,0
5990,0,-1,2,-1,-1,-1,-1,3,0
5995,-2,-3,-2,-1,-1,-3,0,0,0
6000,-3,0,2,-1,0,-1,1,-2,0
6005,-1,-7,-12,-1,-1,2,-1,-2,0
6010,0,7,6,-1,0,2,-1,1,0
6015,-1,-6,-7,0,-1,0,0,-1,0
6020,-2,0,2,-1,-1,-1,2,2,0
6025,0,3,2,0,0,-2,1,0,0
6030,0,-2,-1,-2,0,0,-2,-2,0
6035,0,-5,-10,-2,-1,2,-3,0,0
6040,0,0,-2,0,0,-2,-4,0,0
6045,-1,3,5,-1,-1,1,-1,-2,0
6050,-4,-3,-7,-3,0,1,0,1,0
6055,0,5,7,-1,-3,-1,1,0,0
6060,1,-5,-4,0,-2,-1,-1,-3,0
6065,0,2,2,-1,-1,-1,0,0,0
6070,-1,-2,0,1,2,-1,-2,-3,0
6075,-2,-2,-1,0,-2,1,3,2,0
6080,-1,1,-3,-3,2,0,-2,-1,0
6085,-2,2,2,-1,-3,-1,0,0,0
6090,-1,-5,-9,1,-1,-1,-1,-2,0
6095,-3,1,-1,0,-1,-1,0,0,0
6100,0,-1,-3,0,-2,0,-1,2,0
6105,-3,1,4,-3,-3,-1,-2,0,0
6110,-2,1,4,-1,0,-3,1,-1,0
6115,0,-3,-3,1,0,-1,0,-1,0
6120,-2,-1,4,-1,1,1,-2,-1,0
6125,2,-8,-17,-2,0,-2,1,0,0
6130,0,-1,1,1,-1,-2,-1,0,0
6135,-1,2,5,2,-1,1,3,-1,0
6140,1,4,3,-1,2,-2,0,0,0
6145,0,-2,-4,-1,-2,2,-2,-3,0
6150,0,2,3,0,-2,1,0,0,0
6155,2,-7,-6,0,1,1,0,-1,0
6160,-2,-2,-2,-1,-2,-4,-3,1,0
6165,-2,2,6,-1,-1,-3,-3,-1,0
6170,0,-3,-5,-1,-2,-1,0,-1,0
6175,-2,3,1,-1,-1,0,0,-2,0
6180,0,-4,-4,0,-2,-1,1,-1,0
6185,1,0,0,-1,0,0,0,-1,0
6190,-1,2,3,-1,0,0,4,-2,0
6195,-2,0,1,0,-2,-1,1,1,0
6200,0,0,-3,-1,0,-1,-2,-3,0
6205,1,1,4,0,1,-1,-1,0,0
6210,0,-1,-2,1,0,-1,-3,0,0
6215,-1,-3,-1,0,-3,2,-1,-1,0
6220,-1,-1,-3,1,1,0,0,-1,0
6225,-1,0,2,0,-3,-2,-3,1,0
6230,-1,2,0,0,0,0,-1,-1,0
6235,-1,-6,-10,-1,-1,1,1,-2,0
6240,-1,1,-1,-4,1,1,-3,0,0
6245,-1,0,0,-1,0,-3,4,0,0
6250,0,-1,2,-1,0,0,-3,-3,0
6255,1,1,1,0,-1,0,1,0,0
6260,-3,-1,-2,0,-1,1,1,0,0
6265,0,3,7,2,0,0,-3,-3,0
6270,1,-3,-7,-1,1,1,-1,1,0
6275,0,1,-1,-1,-3,-2,1,1,0
6280,-3,-1,3,-1,1,-4,-1,-2,0
6285,2,3,4,2,1,-2,-3,1,0
6290,-2,-2,2,-2,-3,0,-1,3,0
6295,-1,3,3,1,-2,0,-1,-1,0
6300,2,-6,-12,0,1,-2,1,1,0
6305,-1,-3,-4,0,1,0,0,-1,0
6310,-1,0,2,3,1,-1,-2,-1,0
6315,0,-1,0,-3,-4,-1,-1,0,0
6320,0,2,2,-1,-5,3,0,-1,0
6325,-2,-2,-3,-1,-3,-1,-3,-1,0
6330,1,-2,-5,-1,0,-2,-2,-2,0
6335,-3,-2,1,0,0,0,-1,0,0
6340,1,-1,1,0,-1,-3,-2,-2,0
6345,-2,4,8,-1,-1,1,1,0,0
6350,0,-8,-14,-1,-2,0,1,0,0
6355,-1,-1,-3,-1,0,0,0,-2,0
6360,-1,4,4,-3,-1,-2,-4,-3,0
6365,0,0,-4,-2,1,1,-1,-2,0
6370,0,0,3,-1,0,-3,-3,-1,0
6375,0,0,5,0,0,-1,-2,0,0
6380,-1,-6,-20,-2,2,0,-1,-2,0
6385,-3,4,5,-4,-1,-2,-1,-1,0
6390,0,1,1,1,-1,-1,2,-2,0
6395,1,0,-2,-1,0,2,4,1,0
6400,-1,3,8,-1,-2,-1,0,2,0
6405,-1,-1,-4,-3,-1,-3,1,2,0
6410,0,0,0,0,-1,-1,0,0,0
6415,0,-4,2,-1,0,0,-3,0,0
6420,-2,0,3,-2,1,-2,0,-5,0
6425,-1,-3,-6,-1,-2,0,-3,-2,0
6430,-2,1,1,-4,-1,0,2,-1,0
6435,1,-1,-5,-1,-2,-3,-1,0,0
6440,1,0,0,1,0,0,0,-1,0
6445,0,-5,-10,0,-1,-2,-3,-2,0
6450,-1,0,2,-3,-1,1,0,-2,0
6455,-1,0,1,0,-2,-1,1,-2,0
6460,-1,0,0,-2,0,-1,1,0,0
6465,0,-2,1,-3,0,-1,0,0,0
6470,2,-3,-5,3,-2,-2,-3,-1,0
6475,-3,-2,-2,-1,0,2,0,-2,0
6480,0,-1,3,1,-3,0,1,0,0
6485,-2,0,1,2,-1,-1,0,1,0
6490,0,0,4,-1,-1,-1,-1,2,0
6495,0,-4,-8,0,-2,2,-1,-2,0
6500,-1,2,3,-1,2,0,-2,-1,0
6505,-1,-2,0,-2,1,2,1,-3,0
6510,-1,2,-1,-1,0,-2,-1,-1,0
6515,-1,-3,-8,0,-2,-2,1,1,0
6520,-1,3,4,-2,-1,0,0,1,0
6525,1,-3,-3,0,-1,0,0,-1,0
6530,-3,3,5,-1,-1,0,-1,-1,0
6535,-2,-2,0,-2,-2,0,-2,-1,0
6540,-1,-3,-2,0,0,0,-1,-1,0
6545,-1,1,7,-1,-3,2,1,2,0
6550,0,-6,-10,-1,0,-1,-1,-1,0
6555,1,9,12,1,-2,-1,0,1,0
6560,1,-6,-5,1,2,-1,-2,0,0
6565,-2,0,0,0,0,-2,0,-2,0
6570,-1,3,2,-3,-1,1,0,0,0
6575,-2,-2,1,1,0,1,1,2,0
6580,1,1,2,2,-1,-2,-3,1,0
6585,1,-2,-4,1,0,1,-1,-1,0
6590,1,-2,2,-1,2,-1,-2,1,0
6595,-2,0,1,-1,2,-1,1,0,0
6600,0,2,-1,-3,-2,-2,-2,-1,0
6605,-4,-2,-2,-1,-2,-1,-4,-1,0
6610,-2,1,3,0,-2,0,1,1,0
6615,1,1,1,0,-1,-1,-3,-1,0
6620,0,-3,-4,-1,-2,2,0,-1,0
6625,1,2,1,0,0,-2,1,1,0
6630,-1,0,-1,-2,-2,-1,2,-3,0
6635,-3,-5,-3,0,-2,-2,0,1,0
6640,-1,5,6,1,1,0,0,-3,0
6645,-1,1,5,-2,1,0,-2,0,0
6650,1,-4,-9,2,0,0,-1,-3,0
6655,-5,-4,-5,-2,-3,1,0,1,0
6660,-1,0,1,-1,-3,-2,0,-2,0
6665,-1,-2,1,-2,-2,-1,-1,-1,0
6670,0,-2,-1,-1,-1,-1,-1,-1,0
6675,-2,1,5,-1,0,1,2,-2,0
6680,0,-4,-5,2,0,-2,0,1,0
6685,0,-1,-3,-2,-2,-1,1,1,0
6690,-3,-2,-3,0,0,-2,-1,-1,0
6695,0,-2,-2,0,0,-2,-1,-3,0
6700,-3,-1,-2,-2,0,1,-1,0,0
6705,1,-1,-3,1,-1,1,-2,-3,0
6710,1,2,2,-2,-1,1,1,0,0
6715,2,2,6,0,0,-2,-2,2,0
6720,-2,-4,-3,0,1,1,3,-2,0
6725,-2,-3,-6,0,-1,-2,-3,1,0
6730,-3,0,4,-2,-3,0,-1,1,0
6735,-1,-1,-2,0,0,0,-1,0,0
6740,-1,-2,-8,-5,-2,-3,0,-1,0
6745,0,-3,-2,0,-2,-2,1,-3,0
6750,-1,2,2,3,1,1,1,0,0
6755,0,-6,-10,-2,0,2,-1,1,0
6760,-1,2,5,1,0,0,0,-1,0
6765,-2,-3,-3,1,3,-1,0,-1,0
6770,-2,-1,-1,-1,-2,-1,-2,-1,0
6775,-1,0,1,-2,0,1,-1,-2,0
6780,1,2,5,0,0,1,-3,0,0
6785,2,-2,-3,1,0,0,0,-3,0
6790,-1,-2,1,1,-1,0,1,2,0
6795,0,3,2,1,-3,-3,2,-2,0
6800,0,-4,-2,-1,-1,-2,-2,0,0
6805,1,0,3,-1,0,-2,-3,0,0
6810,-1,-2,-1,0,1,0,-2,0,0
6815,0,-1,0,-2,-2,-1,1,0,0
6820,1,-4,-4,-1,0,-4,-3,-2,0
6825,-1,-1,-3,-1,-2,1,4,1,0
6830,0,-3,0,0,-1,-2,-1,1,0
6835,0,0,0,1,0,-1,-1,-1,0
6840,0,1,2,0,-1,-3,-3,1,0
6845,-1,0,-4,0,1,-1,-3,-1,0
6850,-1,-4,-1,-1,-2,2,-1,-2,0
6855,-1,-3,0,-2,-2,-2,-2,1,0
6860,0,-2,-8,-1,0,-1,-3,-1,0
6865,0,3,8,-1,-2,-1,2,-1,0
6870,1,-2,-5,0,-2,-2,0,1,0
6875,-2,0,3,1,0,0,-1,-1,0
6880,0,1,3,-1,2,0,-2,-1,0
6885,-1,-2,-3,-2,-2,-1,-3,-2,0
6890,0,0,2,-3,0,-1,2,-2,0
6895,1,1,3,2,-1,1,-1,-1,0
6900,0,-6,-12,2,0,1,2,-1,0
6905,0,0,-2,-1,0,2,-3,-1,0
6910,-1,0,0,-1,-1,-1,0,-3,0
6915,-2,-2,-2,-2,-2,-3,1,-3,0
6920,1,5,14,-1,0,-1,-3,-3,0
6925,1,-8,-15,0,1,-1,-2,1,0
6930,-1,3,1,0,-2,0,-1,0,0
6935,0,-1,-1,-1,0,0,-1,1,0
6940,-3,0,-2,-1,-1,0,2,1,0
6945,0,3,5,-2,-3,-1,0,-2,0
6950,-1,-3,-4,-1,-1,2,0,0,0
6955,-1,1,0,2,2,-2,-4,-1,0
6960,-2,2,3,-3,-2,1,-3,-1,0
6965,0,0,1,0,-1,-2,1,-2,0
6970,1,1,-2,-1,0,-3,2,0,0
6975,-2,0,-3,-4,-5,-1,-2,-3,0
6980,-1,-2,-2,0,-1,-3,0,-2,0
6985,0,-2,2,-2,2,-1,-1,1,0
6990,0,1,4,0,0,1,0,0,0
6995,2,-5,-7,0,0,-1,-1,-2,0
7000,-1,-1,-2,-1,-1,0,2,1,0
7005,-2,0,-2,0,0,-2,-1,0,0
7010,1,2,5,-1,-2,0,-1,1,0
7015,0,-6,-5,-1,0,0,1,0,0
7020,-2,1,4,0,0,1,-1,-1,0
7025,-1,1,5,-3,-1,-2,-1,-2,0
7030,-1,-1,0,0,-1,-2,0,0,0
